31336,NeuralNetworks
1061127,RuleLearning
1106406,ReinforcementLearning
13195,ReinforcementLearning
37879,ProbabilisticMethods
1126012,ProbabilisticMethods
1107140,Theory
1102850,NeuralNetworks
31349,NeuralNetworks
1106418,Theory
1123188,NeuralNetworks
1128990,GeneticAlgorithms
109323,ProbabilisticMethods
217139,CaseBased
31353,NeuralNetworks
32083,NeuralNetworks
1126029,ReinforcementLearning
1118017,NeuralNetworks
49482,NeuralNetworks
753265,NeuralNetworks
249858,Theory
1113739,ReinforcementLearning
48766,GeneticAlgorithms
646195,ProbabilisticMethods
1126050,ReinforcementLearning
59626,Theory
340299,NeuralNetworks
354004,ProbabilisticMethods
242637,NeuralNetworks
1106492,RuleLearning
74975,CaseBased
1152272,NeuralNetworks
100701,CaseBased
66982,NeuralNetworks
13960,ReinforcementLearning
13966,ReinforcementLearning
66990,NeuralNetworks
182093,ReinforcementLearning
182094,GeneticAlgorithms
13972,ReinforcementLearning
13982,Theory
16819,ProbabilisticMethods
273152,GeneticAlgorithms
237521,NeuralNetworks
1153703,CaseBased
32872,ReinforcementLearning
284025,NeuralNetworks
218666,CaseBased
16843,ProbabilisticMethods
1153724,CaseBased
1153728,CaseBased
158098,ProbabilisticMethods
8699,Theory
1134865,GeneticAlgorithms
28456,Theory
248425,GeneticAlgorithms
1112319,Theory
28471,ReinforcementLearning
175548,NeuralNetworks
696345,NeuralNetworks
28485,ReinforcementLearning
1139195,CaseBased
35778,ProbabilisticMethods
28491,ReinforcementLearning
310530,CaseBased
1153784,GeneticAlgorithms
1481,CaseBased
1153786,ProbabilisticMethods
13212,NeuralNetworks
1111614,CaseBased
5055,Theory
4329,ProbabilisticMethods
330148,NeuralNetworks
1105062,ReinforcementLearning
4330,ProbabilisticMethods
5062,CaseBased
4335,ProbabilisticMethods
158812,NeuralNetworks
40124,Theory
1103610,Theory
688361,NeuralNetworks
302545,ProbabilisticMethods
20534,ReinforcementLearning
1031453,NeuralNetworks
5086,ProbabilisticMethods
193742,ReinforcementLearning
58268,RuleLearning
424,RuleLearning
40151,Theory
636098,Theory
260121,NeuralNetworks
950052,NeuralNetworks
434,ReinforcementLearning
1131270,ProbabilisticMethods
1131274,ProbabilisticMethods
1131277,ProbabilisticMethods
1110947,CaseBased
662279,NeuralNetworks
1139928,Theory
153063,ProbabilisticMethods
134199,GeneticAlgorithms
641956,NeuralNetworks
20584,NeuralNetworks
1130567,ReinforcementLearning
171225,NeuralNetworks
714879,ProbabilisticMethods
37998,RuleLearning
50336,ProbabilisticMethods
50337,ProbabilisticMethods
15429,Theory
23448,NeuralNetworks
1122574,NeuralNetworks
1110998,NeuralNetworks
853150,NeuralNetworks
15431,Theory
646286,ProbabilisticMethods
1152307,CaseBased
1115291,ProbabilisticMethods
1106547,ReinforcementLearning
68463,RuleLearning
59715,GeneticAlgorithms
69198,NeuralNetworks
7272,NeuralNetworks
163235,NeuralNetworks
7276,NeuralNetworks
34315,NeuralNetworks
644843,ProbabilisticMethods
7297,NeuralNetworks
628815,ReinforcementLearning
35061,GeneticAlgorithms
68495,Theory
1136310,ProbabilisticMethods
18313,ReinforcementLearning
34355,NeuralNetworks
45212,NeuralNetworks
1153091,RuleLearning
8703,RuleLearning
126920,ProbabilisticMethods
126927,ProbabilisticMethods
595157,GeneticAlgorithms
140005,Theory
1117476,GeneticAlgorithms
59798,NeuralNetworks
219446,NeuralNetworks
44514,NeuralNetworks
287787,GeneticAlgorithms
157401,NeuralNetworks
1154500,CaseBased
682666,ReinforcementLearning
399173,CaseBased
198866,CaseBased
51834,Theory
200630,NeuralNetworks
782486,NeuralNetworks
1136393,NeuralNetworks
137849,ProbabilisticMethods
1153811,RuleLearning
24966,Theory
11148,RuleLearning
51866,Theory
24974,NeuralNetworks
137868,ProbabilisticMethods
28542,ReinforcementLearning
35,GeneticAlgorithms
116021,Theory
348305,RuleLearning
10430,CaseBased
39403,ReinforcementLearning
40,GeneticAlgorithms
282700,NeuralNetworks
1105116,ProbabilisticMethods
35854,Theory
63477,CaseBased
124064,ReinforcementLearning
1120431,NeuralNetworks
949318,NeuralNetworks
649944,RuleLearning
63486,Theory
1153866,RuleLearning
1140040,NeuralNetworks
1112426,NeuralNetworks
239800,Theory
1131314,ProbabilisticMethods
1153891,CaseBased
1129835,RuleLearning
310653,ProbabilisticMethods
1130600,ReinforcementLearning
1111733,NeuralNetworks
210871,GeneticAlgorithms
210872,GeneticAlgorithms
1132083,NeuralNetworks
132806,GeneticAlgorithms
12631,NeuralNetworks
12638,NeuralNetworks
38771,NeuralNetworks
232605,RuleLearning
232606,RuleLearning
1107312,ReinforcementLearning
1114605,NeuralNetworks
68505,Theory
133553,NeuralNetworks
144408,NeuralNetworks
23502,NeuralNetworks
1108050,NeuralNetworks
23507,NeuralNetworks
83826,NeuralNetworks
133563,NeuralNetworks
85299,NeuralNetworks
49660,Theory
593060,GeneticAlgorithms
341188,ReinforcementLearning
714975,ProbabilisticMethods
1115375,NeuralNetworks
95435,ReinforcementLearning
145176,NeuralNetworks
1113934,CaseBased
1132809,RuleLearning
22835,NeuralNetworks
1153148,ProbabilisticMethods
41714,GeneticAlgorithms
1118245,ReinforcementLearning
1152436,CaseBased
1153166,CaseBased
1153169,RuleLearning
38000,RuleLearning
1152448,CaseBased
1137140,NeuralNetworks
30895,Theory
5966,GeneticAlgorithms
1136422,NeuralNetworks
27174,NeuralNetworks
1128407,CaseBased
1124844,NeuralNetworks
1153195,NeuralNetworks
1113995,NeuralNetworks
1136442,NeuralNetworks
8821,CaseBased
46079,GeneticAlgorithms
119761,NeuralNetworks
1111052,ReinforcementLearning
315789,GeneticAlgorithms
1108841,NeuralNetworks
1135746,Theory
100935,GeneticAlgorithms
353541,NeuralNetworks
60682,CaseBased
253762,ProbabilisticMethods
8872,ReinforcementLearning
714260,ProbabilisticMethods
137956,RuleLearning
35922,ProbabilisticMethods
2354,Theory
168410,ReinforcementLearning
346292,NeuralNetworks
1153933,NeuralNetworks
1119751,Theory
17798,CaseBased
400356,NeuralNetworks
10531,NeuralNetworks
1110390,CaseBased
714289,ProbabilisticMethods
733167,NeuralNetworks
81714,CaseBased
428610,NeuralNetworks
552469,Theory
164885,GeneticAlgorithms
81722,CaseBased
111866,Theory
194617,NeuralNetworks
93318,NeuralNetworks
134307,ProbabilisticMethods
203646,NeuralNetworks
367312,NeuralNetworks
650814,GeneticAlgorithms
93320,ReinforcementLearning
134315,ProbabilisticMethods
134316,ProbabilisticMethods
976334,ReinforcementLearning
1095507,ProbabilisticMethods
134320,ProbabilisticMethods
662416,ProbabilisticMethods
194645,ReinforcementLearning
1131421,NeuralNetworks
161221,NeuralNetworks
38839,CaseBased
38846,CaseBased
133615,RuleLearning
1112574,Theory
521207,CaseBased
3828,CaseBased
593105,GeneticAlgorithms
390693,NeuralNetworks
642847,ProbabilisticMethods
1122704,NeuralNetworks
4584,ReinforcementLearning
7419,ReinforcementLearning
30901,Theory
1115456,NeuralNetworks
7432,ReinforcementLearning
573553,Theory
1022969,CaseBased
143801,NeuralNetworks
612306,RuleLearning
417017,CaseBased
396412,NeuralNetworks
1107455,ReinforcementLearning
91975,ReinforcementLearning
180187,RuleLearning
27203,Theory
1152508,GeneticAlgorithms
69392,NeuralNetworks
1118332,NeuralNetworks
189577,ProbabilisticMethods
1114777,CaseBased
75969,RuleLearning
1132922,NeuralNetworks
1153254,RuleLearning
1117618,Theory
6767,CaseBased
27241,Theory
27246,NeuralNetworks
95589,ReinforcementLearning
6771,Theory
86840,Theory
108962,ProbabilisticMethods
6786,ProbabilisticMethods
108963,ProbabilisticMethods
108974,ProbabilisticMethods
1117653,NeuralNetworks
1152569,GeneticAlgorithms
1132968,NeuralNetworks
370366,NeuralNetworks
108983,ProbabilisticMethods
399339,ReinforcementLearning
64319,Theory
1110426,RuleLearning
1102407,NeuralNetworks
1127812,NeuralNetworks
1128542,NeuralNetworks
65057,ProbabilisticMethods
159084,NeuralNetworks
159085,NeuralNetworks
65074,ProbabilisticMethods
33895,GeneticAlgorithms
2440,RuleLearning
1717,ProbabilisticMethods
249421,NeuralNetworks
3187,ProbabilisticMethods
591016,RuleLearning
1110494,NeuralNetworks
29492,NeuralNetworks
400473,NeuralNetworks
644334,ProbabilisticMethods
949511,NeuralNetworks
205192,NeuralNetworks
763009,NeuralNetworks
169280,NeuralNetworks
1120643,GeneticAlgorithms
645088,ProbabilisticMethods
5348,NeuralNetworks
124296,NeuralNetworks
1121398,GeneticAlgorithms
950305,NeuralNetworks
567018,NeuralNetworks
52000,NeuralNetworks
52003,NeuralNetworks
52007,NeuralNetworks
58540,ReinforcementLearning
436796,NeuralNetworks
948846,NeuralNetworks
8213,ReinforcementLearning
671293,ProbabilisticMethods
1131550,GeneticAlgorithms
899119,RuleLearning
1105394,ReinforcementLearning
85452,Theory
1112686,ProbabilisticMethods
69418,NeuralNetworks
8224,Theory
145315,RuleLearning
575077,GeneticAlgorithms
20850,Theory
44017,Theory
1135125,NeuralNetworks
286562,NeuralNetworks
1123553,ReinforcementLearning
1135137,NeuralNetworks
325314,NeuralNetworks
662572,NeuralNetworks
159897,ProbabilisticMethods
1130856,GeneticAlgorithms
96335,NeuralNetworks
755082,ProbabilisticMethods
1123576,NeuralNetworks
1103979,NeuralNetworks
593260,GeneticAlgorithms
601567,RuleLearning
1119140,NeuralNetworks
189655,ProbabilisticMethods
31769,NeuralNetworks
1107567,Theory
88356,ProbabilisticMethods
1033,GeneticAlgorithms
1034,GeneticAlgorithms
1106849,NeuralNetworks
16470,NeuralNetworks
35343,NeuralNetworks
16471,NeuralNetworks
1154074,NeuralNetworks
16476,NeuralNetworks
23774,ReinforcementLearning
16485,NeuralNetworks
136665,ReinforcementLearning
94953,NeuralNetworks
9708,CaseBased
38205,GeneticAlgorithms
645897,ProbabilisticMethods
216877,RuleLearning
18619,Theory
559804,ProbabilisticMethods
6898,NeuralNetworks
166420,Theory
787016,GeneticAlgorithms
73146,ProbabilisticMethods
1136634,Theory
1111230,ReinforcementLearning
3218,RuleLearning
3229,NeuralNetworks
193347,RuleLearning
84020,ProbabilisticMethods
3231,Theory
52847,Theory
193352,RuleLearning
193354,RuleLearning
1110531,CaseBased
686532,NeuralNetworks
711598,Theory
1063773,NeuralNetworks
3243,Theory
78994,NeuralNetworks
181782,ReinforcementLearning
284414,CaseBased
114189,ProbabilisticMethods
686559,NeuralNetworks
253971,NeuralNetworks
1106103,CaseBased
1114125,ReinforcementLearning
75318,NeuralNetworks
45599,GeneticAlgorithms
97892,CaseBased
446271,ProbabilisticMethods
1106112,ReinforcementLearning
280876,ProbabilisticMethods
12182,Theory
175909,CaseBased
64484,ReinforcementLearning
6125,Theory
1120713,CaseBased
1114153,NeuralNetworks
12197,Theory
248823,ReinforcementLearning
919885,NeuralNetworks
94229,NeuralNetworks
1120731,ReinforcementLearning
23069,ProbabilisticMethods
6151,ReinforcementLearning
6155,ReinforcementLearning
23070,ProbabilisticMethods
644448,ProbabilisticMethods
1112723,NeuralNetworks
31097,CaseBased
6169,ReinforcementLearning
1106172,ReinforcementLearning
6170,ReinforcementLearning
211875,NeuralNetworks
1109017,GeneticAlgorithms
5454,NeuralNetworks
6184,ReinforcementLearning
10796,CaseBased
10798,CaseBased
1120777,NeuralNetworks
86258,Theory
154134,CaseBased
6196,ReinforcementLearning
20920,ProbabilisticMethods
20923,ProbabilisticMethods
22386,CaseBased
1131639,NeuralNetworks
77515,Theory
93555,NeuralNetworks
17201,ReinforcementLearning
644494,ProbabilisticMethods
17208,ReinforcementLearning
1125082,GeneticAlgorithms
1131647,NeuralNetworks
74698,ProbabilisticMethods
13652,NeuralNetworks
20942,Theory
390894,ProbabilisticMethods
390896,ProbabilisticMethods
1125092,ReinforcementLearning
13656,NeuralNetworks
1116347,ReinforcementLearning
13658,NeuralNetworks
114966,NeuralNetworks
120013,NeuralNetworks
1117089,ReinforcementLearning
57948,Theory
334153,Theory
160732,RuleLearning
1154103,ProbabilisticMethods
12946,ProbabilisticMethods
1104787,NeuralNetworks
17242,ProbabilisticMethods
321861,Theory
189721,ProbabilisticMethods
1119211,NeuralNetworks
12960,Theory
95718,Theory
6910,NeuralNetworks
180373,NeuralNetworks
6917,RuleLearning
358884,Theory
887,GeneticAlgorithms
180399,NeuralNetworks
358894,Theory
1154169,NeuralNetworks
120084,NeuralNetworks
1120019,NeuralNetworks
1152711,NeuralNetworks
1154176,GeneticAlgorithms
424540,NeuralNetworks
1118546,ProbabilisticMethods
643003,ProbabilisticMethods
112099,CaseBased
1104007,Theory
1120049,NeuralNetworks
175256,GeneticAlgorithms
45605,GeneticAlgorithms
15889,CaseBased
35490,CaseBased
221302,CaseBased
562123,NeuralNetworks
1104031,CaseBased
1129442,NeuralNetworks
1129443,NeuralNetworks
1137466,GeneticAlgorithms
328370,NeuralNetworks
1103315,ReinforcementLearning
12210,Theory
1104055,Theory
64519,ReinforcementLearning
114,ReinforcementLearning
1109873,NeuralNetworks
128,ReinforcementLearning
12238,Theory
1112099,Theory
18774,ProbabilisticMethods
18777,ProbabilisticMethods
130,ReinforcementLearning
23116,Theory
948299,NeuralNetworks
6209,ReinforcementLearning
197054,ReinforcementLearning
6210,ReinforcementLearning
6213,ReinforcementLearning
6214,ReinforcementLearning
6216,ReinforcementLearning
6217,ReinforcementLearning
2653,Theory
2658,NeuralNetworks
753047,Theory
188318,NeuralNetworks
74700,ProbabilisticMethods
67415,Theory
6220,ReinforcementLearning
2665,NeuralNetworks
28957,ProbabilisticMethods
143323,CaseBased
340075,NeuralNetworks
1949,CaseBased
1953,CaseBased
1955,CaseBased
1959,CaseBased
390922,ProbabilisticMethods
22431,RuleLearning
1113541,NeuralNetworks
1132418,NeuralNetworks
628500,ReinforcementLearning
648106,NeuralNetworks
1104809,NeuralNetworks
4804,Theory
648112,NeuralNetworks
33301,CaseBased
33303,CaseBased
267824,NeuralNetworks
1138970,Theory
13717,RuleLearning
1131719,RuleLearning
1120866,NeuralNetworks
1106287,NeuralNetworks
755217,ReinforcementLearning
647408,GeneticAlgorithms
1116410,CaseBased
1132459,NeuralNetworks
1105574,NeuralNetworks
1133196,GeneticAlgorithms
307336,NeuralNetworks
906,NeuralNetworks
1131745,NeuralNetworks
1131748,NeuralNetworks
910,NeuralNetworks
943,CaseBased
31927,NeuralNetworks
101261,Theory
101263,Theory
31932,NeuralNetworks
779960,NeuralNetworks
1135358,Theory
1154230,ProbabilisticMethods
1135368,NeuralNetworks
28227,ReinforcementLearning
32688,NeuralNetworks
189856,ProbabilisticMethods
27510,Theory
27514,NeuralNetworks
1154276,NeuralNetworks
27530,NeuralNetworks
1152821,NeuralNetworks
28265,CaseBased
103430,NeuralNetworks
27543,NeuralNetworks
39126,ProbabilisticMethods
28278,ReinforcementLearning
39131,CaseBased
10169,Theory
28287,ReinforcementLearning
1129518,ProbabilisticMethods
1272,Theory
194223,ProbabilisticMethods
10177,Theory
18811,ProbabilisticMethods
18812,ProbabilisticMethods
73327,CaseBased
1117942,ReinforcementLearning
15984,ProbabilisticMethods
202522,ProbabilisticMethods
1152858,ProbabilisticMethods
1152859,NeuralNetworks
10183,CaseBased
81350,ReinforcementLearning
259126,NeuralNetworks
13024,RuleLearning
1120170,ReinforcementLearning
46452,RuleLearning
26850,NeuralNetworks
18832,ReinforcementLearning
18833,ReinforcementLearning
82098,GeneticAlgorithms
103482,NeuralNetworks
158614,Theory
46468,ProbabilisticMethods
71904,NeuralNetworks
80656,NeuralNetworks
29708,NeuralNetworks
1128839,NeuralNetworks
1128846,NeuralNetworks
12330,NeuralNetworks
240321,NeuralNetworks
1128853,RuleLearning
219976,CaseBased
38480,ReinforcementLearning
12350,Theory
1104191,NeuralNetworks
7022,NeuralNetworks
63931,RuleLearning
68224,NeuralNetworks
1110768,NeuralNetworks
384428,NeuralNetworks
1107041,CaseBased
1114352,NeuralNetworks
1107062,GeneticAlgorithms
288,ReinforcementLearning
1107067,CaseBased
91581,ProbabilisticMethods
39904,NeuralNetworks
6334,CaseBased
123825,NeuralNetworks
23258,ReinforcementLearning
66805,GeneticAlgorithms
6346,CaseBased
55968,ReinforcementLearning
368431,Theory
179702,NeuralNetworks
1140547,NeuralNetworks
1114388,Theory
90888,NeuralNetworks
510715,ProbabilisticMethods
33412,NeuralNetworks
188471,ReinforcementLearning
1152143,Theory
1120962,NeuralNetworks
1125258,NeuralNetworks
648232,NeuralNetworks
143476,ProbabilisticMethods
1152150,NeuralNetworks
1117249,Theory
25413,RuleLearning
1152162,NeuralNetworks
241821,NeuralNetworks
350362,Theory
1116530,ProbabilisticMethods
61069,GeneticAlgorithms
1110000,ProbabilisticMethods
646809,GeneticAlgorithms
1105698,ProbabilisticMethods
1152194,NeuralNetworks
198653,GeneticAlgorithms
1116569,NeuralNetworks
77758,NeuralNetworks
854434,NeuralNetworks
1128151,GeneticAlgorithms
1123867,Theory
191404,ProbabilisticMethods
1116594,NeuralNetworks
126793,ProbabilisticMethods
43639,NeuralNetworks
44368,GeneticAlgorithms
97390,GeneticAlgorithms
87915,ProbabilisticMethods
131117,NeuralNetworks
8581,NeuralNetworks
27606,Theory
1115886,ReinforcementLearning
184157,ReinforcementLearning
8594,RuleLearning
1152904,NeuralNetworks
1120211,NeuralNetworks
28350,ReinforcementLearning
1152910,ReinforcementLearning
27627,Theory
649731,NeuralNetworks
308920,ProbabilisticMethods
289780,GeneticAlgorithms
289781,GeneticAlgorithms
19621,NeuralNetworks
1129608,NeuralNetworks
1365,NeuralNetworks
103543,ProbabilisticMethods
28387,ReinforcementLearning
28389,ReinforcementLearning
43698,NeuralNetworks
54550,CaseBased
1129621,NeuralNetworks
46536,NeuralNetworks
1129629,GeneticAlgorithms
294126,RuleLearning
568857,GeneticAlgorithms
447224,GeneticAlgorithms
38537,ProbabilisticMethods
1152975,CaseBased
34979,Theory
1104261,Theory
139865,NeuralNetworks
56709,GeneticAlgorithms
1128945,GeneticAlgorithms
19697,NeuralNetworks
107177,Theory
1131165,ProbabilisticMethods
1128959,GeneticAlgorithms
152219,NeuralNetworks
184918,NeuralNetworks
16008,ProbabilisticMethods
1122425,ReinforcementLearning
928873,NeuralNetworks
206259,ReinforcementLearning
714748,ProbabilisticMethods
1131189,ProbabilisticMethods
217115,Theory
560936,NeuralNetworks
1131198,GeneticAlgorithms
1128985,GeneticAlgorithms
466170,NeuralNetworks
429805,CaseBased
561674,NeuralNetworks
654177,CaseBased
95225,Theory
37884,ProbabilisticMethods
37888,ProbabilisticMethods
1128997,GeneticAlgorithms
545647,Theory
42207,Theory
42209,Theory
82920,GeneticAlgorithms
128202,Theory
128203,Theory
1134056,NeuralNetworks
1102873,NeuralNetworks
42221,Theory
1107171,CaseBased
1133338,GeneticAlgorithms
67633,CaseBased
375825,ProbabilisticMethods
48781,GeneticAlgorithms
75674,ReinforcementLearning
289088,NeuralNetworks
1152244,CaseBased
13917,ReinforcementLearning
75695,NeuralNetworks
34257,NeuralNetworks
1117348,NeuralNetworks
574710,GeneticAlgorithms
34263,NeuralNetworks
1128204,GeneticAlgorithms
34266,NeuralNetworks
1128208,GeneticAlgorithms
1116629,NeuralNetworks
110162,CaseBased
110163,CaseBased
110164,CaseBased
628751,NeuralNetworks
708945,NeuralNetworks
1123926,Theory
1152277,NeuralNetworks
77826,CaseBased
77829,CaseBased
8617,NeuralNetworks
242663,ProbabilisticMethods
8619,NeuralNetworks
628764,NeuralNetworks
628766,NeuralNetworks
1125393,CaseBased
66986,NeuralNetworks
646913,GeneticAlgorithms
578309,NeuralNetworks
18251,CaseBased
1152290,Theory
954315,RuleLearning
212107,ProbabilisticMethods
578337,NeuralNetworks
907845,NeuralNetworks
1127530,ProbabilisticMethods
1128267,ReinforcementLearning
28412,ReinforcementLearning
594387,GeneticAlgorithms
1127541,NeuralNetworks
44455,GeneticAlgorithms
45188,Theory
45189,Theory
62607,RuleLearning
1127551,ProbabilisticMethods
1123991,ProbabilisticMethods
1127558,ProbabilisticMethods
105057,Theory
1128291,GeneticAlgorithms
1127566,ProbabilisticMethods
1154459,GeneticAlgorithms
218682,CaseBased
28447,CaseBased
1153736,Theory
62634,GeneticAlgorithms
211432,Theory
112378,CaseBased
1113035,NeuralNetworks
1118848,NeuralNetworks
137790,Theory
217984,NeuralNetworks
949217,NeuralNetworks
28473,ReinforcementLearning
1104300,ProbabilisticMethods
1105033,ReinforcementLearning
11093,ProbabilisticMethods
696342,NeuralNetworks
696343,NeuralNetworks
696346,NeuralNetworks
28487,ReinforcementLearning
5038,Theory
195150,RuleLearning
62676,NeuralNetworks
13213,ReinforcementLearning
576973,GeneticAlgorithms
35797,NeuralNetworks
134128,ReinforcementLearning
166825,CaseBased
175576,Theory
509379,Theory
1113084,NeuralNetworks
53942,Theory
642621,ProbabilisticMethods
1131236,ProbabilisticMethods
1112369,NeuralNetworks
446610,ProbabilisticMethods
644093,ProbabilisticMethods
411092,RuleLearning
642641,ProbabilisticMethods
408885,ProbabilisticMethods
1131258,ProbabilisticMethods
1131267,ProbabilisticMethods
13269,ProbabilisticMethods
1104379,NeuralNetworks
1114502,GeneticAlgorithms
1107215,CaseBased
83725,GeneticAlgorithms
84459,Theory
642681,ProbabilisticMethods
445938,ProbabilisticMethods
1103676,NeuralNetworks
1130568,NeuralNetworks
1153003,NeuralNetworks
51045,ProbabilisticMethods
12576,GeneticAlgorithms
144330,Theory
105865,NeuralNetworks
51052,ProbabilisticMethods
746058,NeuralNetworks
1153014,ProbabilisticMethods
641976,NeuralNetworks
561789,ProbabilisticMethods
1130586,NeuralNetworks
368605,NeuralNetworks
1133428,NeuralNetworks
1113828,NeuralNetworks
129042,CaseBased
129045,CaseBased
6539,Theory
1153031,NeuralNetworks
1122580,Theory
1132706,CaseBased
1152308,CaseBased
105899,ProbabilisticMethods
50354,NeuralNetworks
1121867,Theory
1113852,Theory
1153056,ReinforcementLearning
94641,GeneticAlgorithms
1153065,GeneticAlgorithms
1133469,ReinforcementLearning
35070,CaseBased
576257,GeneticAlgorithms
368657,NeuralNetworks
1129018,GeneticAlgorithms
263069,GeneticAlgorithms
1129027,GeneticAlgorithms
1152358,GeneticAlgorithms
1125467,ProbabilisticMethods
1125469,ProbabilisticMethods
72101,NeuralNetworks
40922,CaseBased
1153097,NeuralNetworks
1109439,NeuralNetworks
423463,ProbabilisticMethods
128383,CaseBased
683360,ProbabilisticMethods
1129040,GeneticAlgorithms
52515,ProbabilisticMethods
41666,Theory
1128319,GeneticAlgorithms
1152379,Theory
1136342,GeneticAlgorithms
1125492,GeneticAlgorithms
1108728,RuleLearning
265203,GeneticAlgorithms
628888,NeuralNetworks
1127619,RuleLearning
56112,GeneticAlgorithms
56115,GeneticAlgorithms
56119,GeneticAlgorithms
89547,Theory
51831,NeuralNetworks
91038,ProbabilisticMethods
96847,GeneticAlgorithms
521855,ProbabilisticMethods
594483,GeneticAlgorithms
1119623,ProbabilisticMethods
96851,GeneticAlgorithms
1136397,NeuralNetworks
158172,ProbabilisticMethods
1127657,Theory
131315,NeuralNetworks
131318,NeuralNetworks
289945,NeuralNetworks
62718,CaseBased
229635,GeneticAlgorithms
56167,CaseBased
1119654,CaseBased
51879,ProbabilisticMethods
10435,CaseBased
137873,ProbabilisticMethods
168332,ReinforcementLearning
330208,NeuralNetworks
689152,NeuralNetworks
1120444,CaseBased
1153877,CaseBased
111770,ProbabilisticMethods
1153879,CaseBased
108047,GeneticAlgorithms
1131300,ProbabilisticMethods
362926,RuleLearning
129896,ProbabilisticMethods
129897,ProbabilisticMethods
59045,Theory
1153889,CaseBased
239810,CaseBased
20601,Theory
20602,Theory
416964,NeuralNetworks
38722,Theory
72908,RuleLearning
116081,RuleLearning
1153897,GeneticAlgorithms
116084,RuleLearning
116087,RuleLearning
1113182,ReinforcementLearning
1131330,ProbabilisticMethods
582139,NeuralNetworks
561809,ProbabilisticMethods
14062,GeneticAlgorithms
1104449,NeuralNetworks
39474,GeneticAlgorithms
27895,Theory
167670,ProbabilisticMethods
1131345,NeuralNetworks
1131348,NeuralNetworks
14083,NeuralNetworks
1103737,Theory
65650,Theory
93273,Theory
65653,Theory
5194,NeuralNetworks
14090,ProbabilisticMethods
1131360,GeneticAlgorithms
1130634,NeuralNetworks
976284,Theory
1130637,CaseBased
593022,GeneticAlgorithms
1131374,GeneticAlgorithms
975567,GeneticAlgorithms
133550,NeuralNetworks
145134,NeuralNetworks
1130653,CaseBased
1130657,CaseBased
1104495,NeuralNetworks
133566,NeuralNetworks
133567,NeuralNetworks
1122642,NeuralNetworks
1114629,ReinforcementLearning
91852,CaseBased
91853,CaseBased
376704,CaseBased
1153101,RuleLearning
32276,Theory
1130678,NeuralNetworks
83847,NeuralNetworks
8079,Theory
593068,GeneticAlgorithms
285675,NeuralNetworks
1130680,NeuralNetworks
1106630,NeuralNetworks
278394,NeuralNetworks
285687,NeuralNetworks
69284,GeneticAlgorithms
6639,RuleLearning
14807,Theory
152483,GeneticAlgorithms
683404,ProbabilisticMethods
593091,GeneticAlgorithms
1117501,NeuralNetworks
99023,NeuralNetworks
99025,NeuralNetworks
513189,GeneticAlgorithms
1152421,GeneticAlgorithms
1153150,RuleLearning
99030,NeuralNetworks
1105932,RuleLearning
1153160,Theory
1106671,NeuralNetworks
531348,ProbabilisticMethods
577086,GeneticAlgorithms
531351,ProbabilisticMethods
25702,NeuralNetworks
87482,NeuralNetworks
135765,RuleLearning
135766,RuleLearning
1132864,ProbabilisticMethods
22886,CaseBased
1118286,RuleLearning
162664,ProbabilisticMethods
1109542,ProbabilisticMethods
1116835,NeuralNetworks
1116839,CaseBased
1103016,NeuralNetworks
1128425,NeuralNetworks
1116842,Theory
1136446,NeuralNetworks
1136447,NeuralNetworks
27199,Theory
1125597,GeneticAlgorithms
1132887,ProbabilisticMethods
593813,GeneticAlgorithms
594543,GeneticAlgorithms
917493,NeuralNetworks
1128430,CaseBased
51909,RuleLearning
1108834,NeuralNetworks
1128437,Theory
989397,Theory
97645,GeneticAlgorithms
8832,CaseBased
1103031,ProbabilisticMethods
346243,Theory
1119708,GeneticAlgorithms
36620,CaseBased
25772,NeuralNetworks
640617,GeneticAlgorithms
8865,GeneticAlgorithms
950986,NeuralNetworks
35905,NeuralNetworks
8875,GeneticAlgorithms
25791,NeuralNetworks
100961,NeuralNetworks
738941,NeuralNetworks
64271,CaseBased
3084,CaseBased
3085,CaseBased
28649,Theory
3095,CaseBased
3097,CaseBased
1153943,GeneticAlgorithms
1121254,ProbabilisticMethods
74427,NeuralNetworks
231249,GeneticAlgorithms
1105221,GeneticAlgorithms
28674,Theory
1129907,ProbabilisticMethods
650807,GeneticAlgorithms
348437,Theory
1688,GeneticAlgorithms
33013,ReinforcementLearning
38829,CaseBased
307015,GeneticAlgorithms
127033,GeneticAlgorithms
310742,ProbabilisticMethods
1694,GeneticAlgorithms
650834,GeneticAlgorithms
1131420,NeuralNetworks
193918,NeuralNetworks
85324,NeuralNetworks
642827,ProbabilisticMethods
38845,CaseBased
193931,NeuralNetworks
193932,NeuralNetworks
4553,RuleLearning
1116146,CaseBased
85352,GeneticAlgorithms
261040,CaseBased
145215,CaseBased
646412,ProbabilisticMethods
1131464,NeuralNetworks
1131466,ProbabilisticMethods
574264,GeneticAlgorithms
458439,Theory
57764,Theory
646440,ProbabilisticMethods
1111899,CaseBased
521252,Theory
1115471,RuleLearning
1123493,Theory
601462,GeneticAlgorithms
421481,ProbabilisticMethods
385572,NeuralNetworks
30934,Theory
84695,NeuralNetworks
189566,ProbabilisticMethods
69397,Theory
6741,Theory
177998,GeneticAlgorithms
395725,NeuralNetworks
61417,RuleLearning
54129,GeneticAlgorithms
1118347,NeuralNetworks
1106764,RuleLearning
102406,Theory
75972,RuleLearning
95579,ReinforcementLearning
54132,GeneticAlgorithms
27243,Theory
1153262,ProbabilisticMethods
1153264,Theory
30973,NeuralNetworks
1129208,Theory
1106771,NeuralNetworks
27249,Theory
95586,ReinforcementLearning
95588,ReinforcementLearning
255233,CaseBased
6775,NeuralNetworks
129287,NeuralNetworks
27250,Theory
19231,Theory
1153275,Theory
1132948,NeuralNetworks
1106789,ProbabilisticMethods
95597,ReinforcementLearning
6784,NeuralNetworks
682815,GeneticAlgorithms
1153280,GeneticAlgorithms
148170,GeneticAlgorithms
263279,GeneticAlgorithms
1116922,RuleLearning
1152564,CaseBased
1118388,CaseBased
851968,NeuralNetworks
3101,CaseBased
1129243,ReinforcementLearning
170798,CaseBased
3112,CaseBased
503877,GeneticAlgorithms
17821,ReinforcementLearning
503883,GeneticAlgorithms
561238,GeneticAlgorithms
1110438,NeuralNetworks
575795,GeneticAlgorithms
1116974,NeuralNetworks
272720,Theory
415693,GeneticAlgorithms
18582,GeneticAlgorithms
11325,RuleLearning
11326,Theory
1103162,ReinforcementLearning
1111186,NeuralNetworks
578645,GeneticAlgorithms
578646,GeneticAlgorithms
578649,GeneticAlgorithms
1121313,CaseBased
11335,RuleLearning
1102442,Theory
11339,Theory
52784,Theory
11342,Theory
1130080,NeuralNetworks
3191,ProbabilisticMethods
3192,ProbabilisticMethods
400455,NeuralNetworks
1135899,NeuralNetworks
591017,RuleLearning
751408,NeuralNetworks
1140230,NeuralNetworks
1140231,NeuralNetworks
1106052,CaseBased
70970,GeneticAlgorithms
67245,NeuralNetworks
67246,NeuralNetworks
205196,NeuralNetworks
135130,ReinforcementLearning
123556,NeuralNetworks
645084,ProbabilisticMethods
1786,RuleLearning
66556,GeneticAlgorithms
1130808,NeuralNetworks
4649,RuleLearning
582343,Theory
395075,GeneticAlgorithms
582349,NeuralNetworks
20833,CaseBased
1131549,GeneticAlgorithms
58552,NeuralNetworks
85449,NeuralNetworks
49811,Theory
77438,ProbabilisticMethods
4660,Theory
66594,Theory
66596,RuleLearning
314459,NeuralNetworks
1116268,Theory
1103960,GeneticAlgorithms
49843,RuleLearning
1103969,ProbabilisticMethods
593240,GeneticAlgorithms
207395,CaseBased
593248,GeneticAlgorithms
943087,Theory
7532,NeuralNetworks
7537,NeuralNetworks
25181,NeuralNetworks
25184,NeuralNetworks
16437,NeuralNetworks
1103985,GeneticAlgorithms
6814,ProbabilisticMethods
6818,ProbabilisticMethods
1154042,NeuralNetworks
23738,Theory
1107558,ProbabilisticMethods
137359,RuleLearning
16451,NeuralNetworks
318071,ProbabilisticMethods
232860,NeuralNetworks
1107572,Theory
49895,RuleLearning
16474,NeuralNetworks
1154076,GeneticAlgorithms
626999,NeuralNetworks
137380,RuleLearning
1119178,CaseBased
33904,GeneticAlgorithms
1119180,CaseBased
33907,GeneticAlgorithms
174418,Theory
70281,NeuralNetworks
73119,ProbabilisticMethods
9716,Theory
174425,Theory
416455,GeneticAlgorithms
18615,RuleLearning
127940,NeuralNetworks
1152663,ReinforcementLearning
675649,NeuralNetworks
1117760,ReinforcementLearning
1138091,CaseBased
1152673,NeuralNetworks
321004,GeneticAlgorithms
139547,NeuralNetworks
45533,NeuralNetworks
3217,Theory
1111240,NeuralNetworks
523574,ProbabilisticMethods
1110515,GeneticAlgorithms
73162,ProbabilisticMethods
52835,RuleLearning
3220,NeuralNetworks
3223,Theory
1129367,GeneticAlgorithms
1129368,GeneticAlgorithms
1129369,GeneticAlgorithms
84021,GeneticAlgorithms
1127913,GeneticAlgorithms
3233,ProbabilisticMethods
3235,ProbabilisticMethods
3236,Theory
562067,ProbabilisticMethods
3240,Theory
92065,NeuralNetworks
213246,NeuralNetworks
911198,NeuralNetworks
12158,Theory
20178,CaseBased
20179,CaseBased
80491,NeuralNetworks
561364,ProbabilisticMethods
20180,CaseBased
245955,ReinforcementLearning
1102548,CaseBased
1817,GeneticAlgorithms
31043,NeuralNetworks
1102550,GeneticAlgorithms
20193,CaseBased
1110579,CaseBased
213279,NeuralNetworks
1133010,ProbabilisticMethods
157761,Theory
31055,NeuralNetworks
12194,Theory
1133028,Theory
578780,GeneticAlgorithms
12198,Theory
12199,Theory
90655,NeuralNetworks
6130,NeuralNetworks
337766,CaseBased
112787,CaseBased
1133047,GeneticAlgorithms
1105428,RuleLearning
785678,GeneticAlgorithms
644441,ProbabilisticMethods
672064,NeuralNetworks
41216,NeuralNetworks
1105433,ProbabilisticMethods
1113459,ReinforcementLearning
55770,CaseBased
6163,ReinforcementLearning
259701,GeneticAlgorithms
259702,GeneticAlgorithms
1131607,ProbabilisticMethods
430329,NeuralNetworks
643734,NeuralNetworks
643735,NeuralNetworks
656048,CaseBased
1131611,Theory
617575,NeuralNetworks
1105450,Theory
15076,NeuralNetworks
10793,Theory
1117049,GeneticAlgorithms
647315,GeneticAlgorithms
33231,ProbabilisticMethods
1116328,NeuralNetworks
1104749,GeneticAlgorithms
594025,GeneticAlgorithms
315266,ProbabilisticMethods
643777,NeuralNetworks
1130927,NeuralNetworks
1132385,Theory
1108329,CaseBased
1130929,NeuralNetworks
1104769,ProbabilisticMethods
594047,GeneticAlgorithms
1130931,NeuralNetworks
1130934,NeuralNetworks
141868,CaseBased
593329,GeneticAlgorithms
144701,GeneticAlgorithms
574462,GeneticAlgorithms
60170,NeuralNetworks
120039,CaseBased
502574,CaseBased
293974,ProbabilisticMethods
1119216,ProbabilisticMethods
1108363,CaseBased
191216,NeuralNetworks
469504,NeuralNetworks
358866,ProbabilisticMethods
1116397,CaseBased
191222,NeuralNetworks
36145,NeuralNetworks
1115677,NeuralNetworks
577331,GeneticAlgorithms
31863,ProbabilisticMethods
566488,CaseBased
358887,ProbabilisticMethods
6935,RuleLearning
6939,RuleLearning
197783,NeuralNetworks
34708,NeuralNetworks
1107674,GeneticAlgorithms
248119,Theory
318187,RuleLearning
1152714,NeuralNetworks
1154173,ProbabilisticMethods
300071,ProbabilisticMethods
1120020,ReinforcementLearning
423816,GeneticAlgorithms
1106966,ReinforcementLearning
148341,GeneticAlgorithms
136766,RuleLearning
325497,ReinforcementLearning
136767,Theory
136768,RuleLearning
409255,NeuralNetworks
1152740,ReinforcementLearning
1117833,CaseBased
309476,Theory
1120059,NeuralNetworks
80515,NeuralNetworks
65212,NeuralNetworks
15892,CaseBased
1120084,NeuralNetworks
576691,GeneticAlgorithms
148399,Theory
175291,NeuralNetworks
1112071,ProbabilisticMethods
117,ReinforcementLearning
157805,Theory
300806,NeuralNetworks
31105,NeuralNetworks
154982,ProbabilisticMethods
141160,NeuralNetworks
112813,CaseBased
98693,GeneticAlgorithms
98698,GeneticAlgorithms
192734,Theory
12247,Theory
1109891,NeuralNetworks
141171,NeuralNetworks
312409,NeuralNetworks
608190,GeneticAlgorithms
608191,GeneticAlgorithms
55801,CaseBased
1136791,GeneticAlgorithms
815073,NeuralNetworks
1114222,ProbabilisticMethods
173884,ProbabilisticMethods
1102646,NeuralNetworks
63832,GeneticAlgorithms
211906,Theory
83449,CaseBased
2654,Theory
815096,NeuralNetworks
277263,RuleLearning
1105505,NeuralNetworks
48550,NeuralNetworks
83461,RuleLearning
48555,NeuralNetworks
6238,Theory
636500,Theory
340078,NeuralNetworks
1113534,NeuralNetworks
578898,GeneticAlgorithms
1951,CaseBased
1952,CaseBased
1956,CaseBased
636511,NeuralNetworks
463825,Theory
1121569,NeuralNetworks
1105531,ProbabilisticMethods
14428,ProbabilisticMethods
14429,ProbabilisticMethods
74749,Theory
14430,ProbabilisticMethods
14431,ProbabilisticMethods
1132434,NeuralNetworks
648121,NeuralNetworks
582511,Theory
688849,NeuralNetworks
1997,ProbabilisticMethods
1131728,CaseBased
1106298,Theory
86359,ReinforcementLearning
647413,GeneticAlgorithms
1120880,NeuralNetworks
1131734,GeneticAlgorithms
562940,RuleLearning
230879,NeuralNetworks
1104851,Theory
1152075,Theory
58758,GeneticAlgorithms
230884,NeuralNetworks
34082,ProbabilisticMethods
1132486,NeuralNetworks
39890,ProbabilisticMethods
66782,RuleLearning
218410,ReinforcementLearning
647447,GeneticAlgorithms
1117184,CaseBased
66794,ProbabilisticMethods
227178,GeneticAlgorithms
936,CaseBased
940,CaseBased
575292,GeneticAlgorithms
941,CaseBased
1109185,NeuralNetworks
85688,RuleLearning
28202,ReinforcementLearning
50807,GeneticAlgorithms
379288,CaseBased
1154229,ProbabilisticMethods
1109199,GeneticAlgorithms
118682,ProbabilisticMethods
153598,ReinforcementLearning
1154251,NeuralNetworks
62417,ProbabilisticMethods
1125909,ProbabilisticMethods
79809,Theory
739280,NeuralNetworks
70441,CaseBased
70442,CaseBased
70444,CaseBased
79817,ProbabilisticMethods
129558,CaseBased
892139,ReinforcementLearning
576725,GeneticAlgorithms
28254,NeuralNetworks
1246,ReinforcementLearning
237376,Theory
27531,NeuralNetworks
397488,GeneticAlgorithms
42847,NeuralNetworks
42848,GeneticAlgorithms
155736,Theory
155738,Theory
39124,CaseBased
39127,RuleLearning
39130,CaseBased
1153577,GeneticAlgorithms
335733,GeneticAlgorithms
28290,ReinforcementLearning
18815,CaseBased
1136814,GeneticAlgorithms
1120169,Theory
82087,GeneticAlgorithms
178209,RuleLearning
139738,NeuralNetworks
82090,GeneticAlgorithms
18834,ReinforcementLearning
39165,ProbabilisticMethods
190698,NeuralNetworks
1125992,CaseBased
1109957,ReinforcementLearning
46470,Theory
46476,RuleLearning
1129570,GeneticAlgorithms
1071981,ReinforcementLearning
1129573,GeneticAlgorithms
39199,NeuralNetworks
12337,NeuralNetworks
29723,ProbabilisticMethods
694759,GeneticAlgorithms
46491,Theory
1128856,RuleLearning
1107010,CaseBased
643199,GeneticAlgorithms
1104182,ReinforcementLearning
12347,NeuralNetworks
63915,NeuralNetworks
519353,ProbabilisticMethods
608292,GeneticAlgorithms
1121603,NeuralNetworks
1130356,Theory
12359,NeuralNetworks
192850,Theory
7032,ProbabilisticMethods
1128881,RuleLearning
140569,NeuralNetworks
1114331,GeneticAlgorithms
7041,NeuralNetworks
561581,ProbabilisticMethods
561582,ProbabilisticMethods
192870,NeuralNetworks
1113614,ReinforcementLearning
1102761,CaseBased
116528,Theory
561595,ProbabilisticMethods
94416,RuleLearning
5600,CaseBased
1000012,RuleLearning
1114364,NeuralNetworks
1121659,ProbabilisticMethods
66809,ReinforcementLearning
6343,CaseBased
212777,RuleLearning
583318,GeneticAlgorithms
709518,NeuralNetworks
350319,NeuralNetworks
116553,GeneticAlgorithms
170338,ReinforcementLearning
179706,NeuralNetworks
1112929,NeuralNetworks
656231,CaseBased
14531,CaseBased
1106370,NeuralNetworks
1109208,GeneticAlgorithms
1114398,NeuralNetworks
95188,CaseBased
510718,ProbabilisticMethods
208345,CaseBased
6378,ReinforcementLearning
22563,NeuralNetworks
10981,NeuralNetworks
110041,GeneticAlgorithms
14549,Theory
95198,CaseBased
6385,ReinforcementLearning
575331,GeneticAlgorithms
568045,RuleLearning
1136110,NeuralNetworks
1131828,CaseBased
67584,ProbabilisticMethods
243274,NeuralNetworks
135464,NeuralNetworks
1105672,NeuralNetworks
93755,Theory
756061,NeuralNetworks
522338,ProbabilisticMethods
219239,Theory
61073,GeneticAlgorithms
262178,GeneticAlgorithms
686015,NeuralNetworks
1110024,CaseBased
613409,ProbabilisticMethods
686030,NeuralNetworks
227286,NeuralNetworks
45061,Theory
646836,GeneticAlgorithms
1108551,Theory
13885,NeuralNetworks
1104999,GeneticAlgorithms
566653,CaseBased
1127430,GeneticAlgorithms
299197,NeuralNetworks
1135455,NeuralNetworks
97377,Theory
592826,RuleLearning
566664,CaseBased
633030,ProbabilisticMethods
633031,ProbabilisticMethods
686061,Theory
592830,RuleLearning
573964,GeneticAlgorithms
1155073,RuleLearning
17476,ReinforcementLearning
17477,GeneticAlgorithms
190706,GeneticAlgorithms
28336,GeneticAlgorithms
573978,GeneticAlgorithms
1107861,Theory
17488,ReinforcementLearning
1128198,GeneticAlgorithms
1108597,CaseBased
103515,GeneticAlgorithms
27623,NeuralNetworks
200480,CaseBased
103529,CaseBased
649730,NeuralNetworks
39210,NeuralNetworks
46501,Theory
27632,ReinforcementLearning
649739,NeuralNetworks
1119471,Theory
103531,CaseBased
470511,CaseBased
509233,Theory
236759,NeuralNetworks
237489,NeuralNetworks
1152944,ReinforcementLearning
1118764,Theory
643221,ProbabilisticMethods
212097,ProbabilisticMethods
608326,GeneticAlgorithms
643239,ProbabilisticMethods
1131116,GeneticAlgorithms
202639,NeuralNetworks
141324,GeneticAlgorithms
294145,RuleLearning
1128927,RuleLearning
561610,ProbabilisticMethods
561611,ProbabilisticMethods
147870,NeuralNetworks
248395,NeuralNetworks
1128935,RuleLearning
241133,Theory
141342,GeneticAlgorithms
141347,GeneticAlgorithms
1128946,GeneticAlgorithms
1131164,ProbabilisticMethods
12439,NeuralNetworks
1131167,ProbabilisticMethods
1129683,GeneticAlgorithms
359067,CaseBased
117315,GeneticAlgorithms
117316,GeneticAlgorithms
144212,GeneticAlgorithms
1106401,Theory
1134022,GeneticAlgorithms
13193,ReinforcementLearning
1131192,ProbabilisticMethods
1107136,GeneticAlgorithms
1131195,NeuralNetworks
1128982,GeneticAlgorithms
121792,NeuralNetworks
653441,ProbabilisticMethods
385251,Theory
1126011,ProbabilisticMethods
1134031,RuleLearning
642593,NeuralNetworks
1115166,CaseBased
737204,NeuralNetworks
118079,ReinforcementLearning
1122460,NeuralNetworks
1114442,GeneticAlgorithms
589923,ProbabilisticMethods
1121739,ReinforcementLearning
626574,ProbabilisticMethods
1126037,NeuralNetworks
645452,ProbabilisticMethods
753264,Theory
1126044,NeuralNetworks
74920,ProbabilisticMethods
74921,ProbabilisticMethods
1105718,NeuralNetworks
48764,ReinforcementLearning
48768,ReinforcementLearning
1113742,GeneticAlgorithms
74937,NeuralNetworks
575402,GeneticAlgorithms
168958,NeuralNetworks
78508,NeuralNetworks
289085,NeuralNetworks
78511,GeneticAlgorithms
308232,RuleLearning
682508,ProbabilisticMethods
75691,NeuralNetworks
75693,ReinforcementLearning
75694,ReinforcementLearning
155158,RuleLearning
1105764,ReinforcementLearning
1152259,ProbabilisticMethods
579008,GeneticAlgorithms
1128201,GeneticAlgorithms
1133390,Theory
1118083,NeuralNetworks
78549,NeuralNetworks
604073,NeuralNetworks
595056,GeneticAlgorithms
1118092,ReinforcementLearning
1125386,Theory
78552,NeuralNetworks
78555,NeuralNetworks
78557,NeuralNetworks
646900,GeneticAlgorithms
595063,GeneticAlgorithms
648369,NeuralNetworks
1128227,GeneticAlgorithms
89416,ProbabilisticMethods
578306,NeuralNetworks
683294,ProbabilisticMethods
440815,ProbabilisticMethods
126867,CaseBased
126868,CaseBased
72056,NeuralNetworks
1119505,GeneticAlgorithms
1128256,Theory
1108656,CaseBased
71336,NeuralNetworks
1109392,NeuralNetworks
40886,NeuralNetworks
1115959,NeuralNetworks
578347,NeuralNetworks
284023,NeuralNetworks
345340,ReinforcementLearning
621555,NeuralNetworks
118873,NeuralNetworks
8687,RuleLearning
226698,NeuralNetworks
578365,NeuralNetworks
1135589,NeuralNetworks
8696,Theory
1118823,Theory
411005,NeuralNetworks
509315,GeneticAlgorithms
171954,Theory
230300,ReinforcementLearning
1105011,ProbabilisticMethods
1121057,CaseBased
592973,GeneticAlgorithms
592975,GeneticAlgorithms
48066,Theory
248431,GeneticAlgorithms
1121063,Theory
592986,GeneticAlgorithms
48075,RuleLearning
289885,ProbabilisticMethods
592993,GeneticAlgorithms
592996,GeneticAlgorithms
28489,ReinforcementLearning
590022,ProbabilisticMethods
111676,CaseBased
13205,ReinforcementLearning
13208,ReinforcementLearning
102938,NeuralNetworks
102939,NeuralNetworks
416867,Theory
72805,RuleLearning
574009,GeneticAlgorithms
294239,NeuralNetworks
1131223,ProbabilisticMethods
77108,Theory
5064,CaseBased
5069,CaseBased
1131230,ProbabilisticMethods
40125,ProbabilisticMethods
1123215,Theory
20526,ReinforcementLearning
20528,CaseBased
77112,Theory
107251,Theory
107252,Theory
5075,CaseBased
126128,NeuralNetworks
734406,NeuralNetworks
40131,NeuralNetworks
703953,ProbabilisticMethods
40135,NeuralNetworks
1131257,ProbabilisticMethods
1123239,NeuralNetworks
1129778,GeneticAlgorithms
662250,NeuralNetworks
711994,NeuralNetworks
273949,Theory
1131266,ProbabilisticMethods
1130539,CaseBased
377303,GeneticAlgorithms
179180,NeuralNetworks
1129798,GeneticAlgorithms
1114512,RuleLearning
1110950,CaseBased
12558,GeneticAlgorithms
853114,NeuralNetworks
853115,NeuralNetworks
853116,NeuralNetworks
853118,NeuralNetworks
1114526,Theory
212930,NeuralNetworks
206371,GeneticAlgorithms
105856,NeuralNetworks
463,CaseBased
20592,NeuralNetworks
51049,ProbabilisticMethods
20593,NeuralNetworks
83746,NeuralNetworks
124734,Theory
106590,ProbabilisticMethods
1133417,ProbabilisticMethods
1125402,ProbabilisticMethods
1153024,ProbabilisticMethods
853155,NeuralNetworks
1118120,NeuralNetworks
1105810,CaseBased
1113831,GeneticAlgorithms
646289,ProbabilisticMethods
1106546,ProbabilisticMethods
31479,ProbabilisticMethods
31483,ProbabilisticMethods
31489,ProbabilisticMethods
94639,GeneticAlgorithms
631015,NeuralNetworks
645571,ProbabilisticMethods
1106568,NeuralNetworks
430711,NeuralNetworks
7296,NeuralNetworks
1132731,GeneticAlgorithms
1153064,Theory
93923,RuleLearning
1134197,NeuralNetworks
87363,GeneticAlgorithms
395540,ProbabilisticMethods
395547,NeuralNetworks
50381,Theory
1129015,GeneticAlgorithms
126909,ProbabilisticMethods
143676,NeuralNetworks
395553,NeuralNetworks
752684,NeuralNetworks
1129021,GeneticAlgorithms
19045,GeneticAlgorithms
631052,NeuralNetworks
126912,ProbabilisticMethods
116790,ProbabilisticMethods
5869,NeuralNetworks
579108,GeneticAlgorithms
683355,ProbabilisticMethods
1105877,ProbabilisticMethods
59772,NeuralNetworks
243483,GeneticAlgorithms
126926,ProbabilisticMethods
155277,ProbabilisticMethods
1128314,GeneticAlgorithms
1105887,RuleLearning
1110209,ProbabilisticMethods
307656,GeneticAlgorithms
199571,NeuralNetworks
1152394,NeuralNetworks
60560,NeuralNetworks
595193,GeneticAlgorithms
990075,CaseBased
119686,NeuralNetworks
1154520,NeuralNetworks
28504,ReinforcementLearning
1154524,RuleLearning
1154525,RuleLearning
1129096,ReinforcementLearning
1128369,GeneticAlgorithms
96845,GeneticAlgorithms
380341,NeuralNetworks
8766,RuleLearning
1110256,Theory
55403,RuleLearning
389715,Theory
1153816,GeneticAlgorithms
131317,NeuralNetworks
260979,Theory
264556,NeuralNetworks
35852,ReinforcementLearning
1119671,NeuralNetworks
1153853,GeneticAlgorithms
1112417,ProbabilisticMethods
1153860,GeneticAlgorithms
1153861,NeuralNetworks
35863,ReinforcementLearning
1121176,CaseBased
1131301,ProbabilisticMethods
1131305,ProbabilisticMethods
1105148,ReinforcementLearning
134219,GeneticAlgorithms
671052,NeuralNetworks
1131312,ProbabilisticMethods
156794,ProbabilisticMethods
1153896,GeneticAlgorithms
1153899,GeneticAlgorithms
167656,Theory
239829,CaseBased
1104435,ProbabilisticMethods
187260,CaseBased
231198,NeuralNetworks
1131334,ProbabilisticMethods
1131335,ProbabilisticMethods
142268,ProbabilisticMethods
504,ProbabilisticMethods
506,ProbabilisticMethods
228990,NeuralNetworks
228992,NeuralNetworks
1132073,NeuralNetworks
654326,GeneticAlgorithms
1116044,ProbabilisticMethods
1131359,GeneticAlgorithms
643485,ProbabilisticMethods
654339,GeneticAlgorithms
1107319,Theory
132821,Theory
360028,Theory
214472,ReinforcementLearning
646334,ProbabilisticMethods
653628,RuleLearning
1107325,CaseBased
166989,Theory
1111788,Theory
151708,NeuralNetworks
118259,ReinforcementLearning
32260,Theory
137130,ProbabilisticMethods
92589,ProbabilisticMethods
118260,ReinforcementLearning
124828,NeuralNetworks
141596,NeuralNetworks
197452,NeuralNetworks
646357,ProbabilisticMethods
1153106,NeuralNetworks
30817,NeuralNetworks
642798,ProbabilisticMethods
1130676,NeuralNetworks
1107355,ReinforcementLearning
1118209,Theory
987188,NeuralNetworks
87417,GeneticAlgorithms
23545,Theory
23546,RuleLearning
1113926,NeuralNetworks
94713,ProbabilisticMethods
1107367,CaseBased
987197,Theory
521183,CaseBased
1114664,CaseBased
69296,GeneticAlgorithms
51180,Theory
43165,NeuralNetworks
1132815,NeuralNetworks
1107385,NeuralNetworks
100197,NeuralNetworks
520471,RuleLearning
215912,NeuralNetworks
61312,GeneticAlgorithms
1129106,CaseBased
43186,NeuralNetworks
1129111,NeuralNetworks
41732,ReinforcementLearning
22869,CaseBased
9513,Theory
9515,Theory
119712,GeneticAlgorithms
270456,NeuralNetworks
5959,CaseBased
576362,GeneticAlgorithms
1153183,Theory
22874,CaseBased
22875,CaseBased
22876,CaseBased
1124837,ProbabilisticMethods
1132857,ProbabilisticMethods
594511,GeneticAlgorithms
22883,Theory
238401,Theory
1136449,NeuralNetworks
714208,ProbabilisticMethods
9559,RuleLearning
135798,CaseBased
1152490,NeuralNetworks
1109566,Theory
1103038,CaseBased
177115,CaseBased
523394,ProbabilisticMethods
1128453,GeneticAlgorithms
1109581,ProbabilisticMethods
101660,RuleLearning
101662,Theory
9581,ProbabilisticMethods
9586,GeneticAlgorithms
1135750,NeuralNetworks
51934,NeuralNetworks
762980,NeuralNetworks
1153900,GeneticAlgorithms
593859,GeneticAlgorithms
714256,ProbabilisticMethods
8874,GeneticAlgorithms
25794,NeuralNetworks
75121,CaseBased
28632,Theory
1153922,NeuralNetworks
1119742,ProbabilisticMethods
63549,NeuralNetworks
1138619,RuleLearning
1102364,ProbabilisticMethods
28640,Theory
28641,Theory
409725,RuleLearning
292277,GeneticAlgorithms
606479,GeneticAlgorithms
1153942,GeneticAlgorithms
1153945,GeneticAlgorithms
1153946,NeuralNetworks
709113,RuleLearning
194609,NeuralNetworks
90470,ProbabilisticMethods
820661,NeuralNetworks
820662,Theory
1105231,GeneticAlgorithms
73712,NeuralNetworks
54844,Theory
684972,ProbabilisticMethods
134314,ProbabilisticMethods
735303,GeneticAlgorithms
824245,NeuralNetworks
195361,ReinforcementLearning
529165,NeuralNetworks
1131414,NeuralNetworks
617378,NeuralNetworks
1120563,CaseBased
47570,CaseBased
684986,NeuralNetworks
735311,NeuralNetworks
187354,RuleLearning
1132157,ProbabilisticMethods
58436,CaseBased
278403,NeuralNetworks
58453,GeneticAlgorithms
58454,CaseBased
206524,RuleLearning
593104,GeneticAlgorithms
133628,Theory
46887,NeuralNetworks
49720,ProbabilisticMethods
1131471,CaseBased
643597,ProbabilisticMethods
1107418,GeneticAlgorithms
1129994,ProbabilisticMethods
573535,Theory
814836,RuleLearning
1119004,NeuralNetworks
1134320,ProbabilisticMethods
1116181,Theory
1108167,Theory
1108169,NeuralNetworks
49753,ProbabilisticMethods
57773,RuleLearning
7430,ReinforcementLearning
521251,CaseBased
593155,GeneticAlgorithms
642894,ProbabilisticMethods
1126315,NeuralNetworks
1108175,NeuralNetworks
1059953,Theory
521269,CaseBased
1118302,RuleLearning
1130780,ProbabilisticMethods
1134346,ProbabilisticMethods
1134348,ProbabilisticMethods
1135082,NeuralNetworks
899085,RuleLearning
124952,ProbabilisticMethods
240791,GeneticAlgorithms
189571,ProbabilisticMethods
189572,ProbabilisticMethods
1126350,Theory
189574,ProbabilisticMethods
177993,GeneticAlgorithms
27230,RuleLearning
1119078,Theory
128540,GeneticAlgorithms
308529,ReinforcementLearning
54131,GeneticAlgorithms
75983,NeuralNetworks
15670,GeneticAlgorithms
33818,NeuralNetworks
95594,ReinforcementLearning
6782,Theory
33823,NeuralNetworks
25805,Theory
1153287,ReinforcementLearning
596075,CaseBased
817774,NeuralNetworks
18532,NeuralNetworks
18536,NeuralNetworks
235670,RuleLearning
235678,RuleLearning
235679,RuleLearning
739707,NeuralNetworks
17811,GeneticAlgorithms
503871,GeneticAlgorithms
235683,RuleLearning
1128531,RuleLearning
594649,GeneticAlgorithms
1128536,Theory
1102400,Theory
593921,GeneticAlgorithms
486840,GeneticAlgorithms
1127810,NeuralNetworks
503893,GeneticAlgorithms
399370,NeuralNetworks
387795,GeneticAlgorithms
220420,GeneticAlgorithms
593942,GeneticAlgorithms
8961,ReinforcementLearning
645016,ProbabilisticMethods
481073,ReinforcementLearning
11337,Theory
578650,GeneticAlgorithms
1130069,NeuralNetworks
1127851,RuleLearning
124224,NeuralNetworks
37483,CaseBased
578669,GeneticAlgorithms
1127863,RuleLearning
1135894,NeuralNetworks
645046,ProbabilisticMethods
22229,GeneticAlgorithms
149669,ProbabilisticMethods
365294,ReinforcementLearning
169279,NeuralNetworks
1138755,NeuralNetworks
323128,Theory
22241,GeneticAlgorithms
156977,NeuralNetworks
763010,NeuralNetworks
1120650,RuleLearning
1105344,NeuralNetworks
59244,CaseBased
286500,GeneticAlgorithms
567005,NeuralNetworks
644361,ProbabilisticMethods
644363,ProbabilisticMethods
154023,NeuralNetworks
286513,GeneticAlgorithms
459206,GeneticAlgorithms
671269,NeuralNetworks
1105360,RuleLearning
1112650,ProbabilisticMethods
632796,ProbabilisticMethods
47682,NeuralNetworks
47683,CaseBased
47684,CaseBased
4637,Theory
642920,NeuralNetworks
634902,GeneticAlgorithms
459213,GeneticAlgorithms
459214,GeneticAlgorithms
634904,GeneticAlgorithms
459216,GeneticAlgorithms
20821,RuleLearning
178718,GeneticAlgorithms
1108209,GeneticAlgorithms
1112665,NeuralNetworks
1104647,GeneticAlgorithms
1140289,NeuralNetworks
66563,GeneticAlgorithms
67292,NeuralNetworks
66564,GeneticAlgorithms
154047,NeuralNetworks
642930,NeuralNetworks
654519,GeneticAlgorithms
178727,GeneticAlgorithms
1135108,ProbabilisticMethods
593201,GeneticAlgorithms
162075,NeuralNetworks
593209,GeneticAlgorithms
107569,NeuralNetworks
1123530,GeneticAlgorithms
1135115,NeuralNetworks
1132285,Theory
1131557,GeneticAlgorithms
162080,NeuralNetworks
3932,CaseBased
593210,GeneticAlgorithms
118424,NeuralNetworks
1135122,NeuralNetworks
634938,GeneticAlgorithms
1131565,NeuralNetworks
20857,RuleLearning
118435,NeuralNetworks
118436,NeuralNetworks
643695,ProbabilisticMethods
1130847,GeneticAlgorithms
1111978,ProbabilisticMethods
1154012,ProbabilisticMethods
1108258,CaseBased
49844,RuleLearning
49847,RuleLearning
189620,ProbabilisticMethods
189623,ProbabilisticMethods
1108267,CaseBased
1050679,GeneticAlgorithms
634975,GeneticAlgorithms
1114838,Theory
577227,GeneticAlgorithms
28026,CaseBased
601561,RuleLearning
24476,ProbabilisticMethods
1026,GeneticAlgorithms
95642,CaseBased
270600,NeuralNetworks
145384,ReinforcementLearning
16461,NeuralNetworks
35335,NeuralNetworks
1138027,CaseBased
1035,ReinforcementLearning
1114864,CaseBased
1154068,ProbabilisticMethods
449841,RuleLearning
1154071,ProbabilisticMethods
1106854,NeuralNetworks
210309,Theory
801170,GeneticAlgorithms
251756,GeneticAlgorithms
645870,ProbabilisticMethods
144679,CaseBased
1138043,Theory
86923,NeuralNetworks
342802,NeuralNetworks
1152633,ProbabilisticMethods
711527,Theory
684372,NeuralNetworks
216878,Theory
62274,Theory
72406,ReinforcementLearning
101811,Theory
246618,GeneticAlgorithms
1136631,Theory
1152676,GeneticAlgorithms
235776,Theory
57119,GeneticAlgorithms
119956,NeuralNetworks
948147,NeuralNetworks
739816,NeuralNetworks
3222,CaseBased
1117786,RuleLearning
1110520,NeuralNetworks
36802,ProbabilisticMethods
3232,Theory
3237,ProbabilisticMethods
1111265,NeuralNetworks
695284,Theory
37541,Theory
1110546,GeneticAlgorithms
71736,ProbabilisticMethods
1135955,NeuralNetworks
12155,Theory
258259,NeuralNetworks
1114118,NeuralNetworks
606647,GeneticAlgorithms
12165,Theory
1110563,NeuralNetworks
12169,Theory
1133004,NeuralNetworks
1133008,NeuralNetworks
1102567,CaseBased
12195,Theory
28851,GeneticAlgorithms
644427,ProbabilisticMethods
1113438,GeneticAlgorithms
1121459,CaseBased
689439,RuleLearning
633585,ProbabilisticMethods
31083,Theory
6152,ReinforcementLearning
1119987,CaseBased
1114184,NeuralNetworks
82664,CaseBased
82666,CaseBased
672070,NeuralNetworks
672071,NeuralNetworks
632874,ProbabilisticMethods
1114192,NeuralNetworks
644470,ProbabilisticMethods
5462,NeuralNetworks
594011,GeneticAlgorithms
20924,ProbabilisticMethods
1131634,NeuralNetworks
1120786,NeuralNetworks
1112767,NeuralNetworks
180301,ProbabilisticMethods
160705,NeuralNetworks
628458,NeuralNetworks
628459,NeuralNetworks
1130915,NeuralNetworks
1116336,ProbabilisticMethods
390889,NeuralNetworks
57922,Theory
594039,GeneticAlgorithms
13654,NeuralNetworks
57932,NeuralNetworks
73972,CaseBased
198443,GeneticAlgorithms
60159,NeuralNetworks
101143,CaseBased
101145,CaseBased
763181,NeuralNetworks
44121,ProbabilisticMethods
593328,GeneticAlgorithms
259772,CaseBased
189708,ProbabilisticMethods
60169,NeuralNetworks
24530,ReinforcementLearning
467383,GeneticAlgorithms
20972,ReinforcementLearning
13686,NeuralNetworks
152731,NeuralNetworks
118558,ReinforcementLearning
118559,ReinforcementLearning
1154123,NeuralNetworks
1154124,NeuralNetworks
1126503,CaseBased
40583,ProbabilisticMethods
95719,ProbabilisticMethods
693143,Theory
36131,ProbabilisticMethods
1123689,ProbabilisticMethods
6913,ProbabilisticMethods
256106,NeuralNetworks
36140,Theory
1115670,RuleLearning
1108389,ProbabilisticMethods
6923,RuleLearning
6925,NeuralNetworks
36162,ProbabilisticMethods
62329,GeneticAlgorithms
36167,ReinforcementLearning
6941,RuleLearning
245288,ReinforcementLearning
62333,NeuralNetworks
189774,ProbabilisticMethods
1133846,NeuralNetworks
167205,RuleLearning
62347,ReinforcementLearning
267003,NeuralNetworks
1114992,NeuralNetworks
1112026,NeuralNetworks
1119295,RuleLearning
1111304,ReinforcementLearning
964248,ProbabilisticMethods
45603,ReinforcementLearning
1109830,NeuralNetworks
1152761,GeneticAlgorithms
62389,CaseBased
444191,NeuralNetworks
263482,RuleLearning
263486,RuleLearning
263498,GeneticAlgorithms
675756,NeuralNetworks
1125895,ReinforcementLearning
627024,NeuralNetworks
12211,Theory
643069,ProbabilisticMethods
1112075,NeuralNetworks
884094,ProbabilisticMethods
120817,NeuralNetworks
1110628,ProbabilisticMethods
18770,ProbabilisticMethods
18773,ProbabilisticMethods
173863,ProbabilisticMethods
1130243,ProbabilisticMethods
1102625,CaseBased
63812,CaseBased
18781,Theory
18785,ProbabilisticMethods
1129494,NeuralNetworks
578845,GeneticAlgorithms
68115,CaseBased
293271,ReinforcementLearning
63835,CaseBased
1919,ProbabilisticMethods
164,Theory
293285,Theory
12275,NeuralNetworks
1103383,GeneticAlgorithms
1114239,GeneticAlgorithms
6215,ReinforcementLearning
288107,Theory
385067,CaseBased
1121537,Theory
1103394,CaseBased
6224,ReinforcementLearning
2663,NeuralNetworks
104840,Theory
632935,ProbabilisticMethods
1106236,CaseBased
375605,GeneticAlgorithms
1132406,NeuralNetworks
28964,ProbabilisticMethods
308003,RuleLearning
47839,ReinforcementLearning
753070,Theory
563613,NeuralNetworks
1132416,NeuralNetworks
2695,NeuralNetworks
2696,NeuralNetworks
2698,NeuralNetworks
1105530,NeuralNetworks
1113551,CaseBased
688824,NeuralNetworks
1138968,GeneticAlgorithms
1120858,NeuralNetworks
40605,ProbabilisticMethods
1132443,NeuralNetworks
1999,Theory
33325,Theory
644577,ProbabilisticMethods
66751,Theory
594119,GeneticAlgorithms
1132461,NeuralNetworks
1115701,ProbabilisticMethods
1131741,GeneticAlgorithms
270085,GeneticAlgorithms
1136040,NeuralNetworks
1131752,GeneticAlgorithms
1131754,GeneticAlgorithms
4878,CaseBased
1123756,GeneticAlgorithms
1135345,NeuralNetworks
1107728,NeuralNetworks
1154232,ProbabilisticMethods
1154233,ProbabilisticMethods
17363,NeuralNetworks
1213,RuleLearning
149139,Theory
28230,ProbabilisticMethods
50838,NeuralNetworks
1125906,ProbabilisticMethods
32698,ProbabilisticMethods
754594,NeuralNetworks
1133930,RuleLearning
1115790,NeuralNetworks
28249,ReinforcementLearning
1237,NeuralNetworks
684531,NeuralNetworks
238099,RuleLearning
131042,NeuralNetworks
444240,GeneticAlgorithms
1112106,NeuralNetworks
27535,ProbabilisticMethods
28267,CaseBased
1120138,NeuralNetworks
1117920,ProbabilisticMethods
1125944,CaseBased
1118658,Theory
263553,NeuralNetworks
1125953,RuleLearning
114308,ReinforcementLearning
630817,NeuralNetworks
687401,NeuralNetworks
594900,GeneticAlgorithms
10174,Theory
73323,CaseBased
46431,NeuralNetworks
202520,ProbabilisticMethods
15987,ProbabilisticMethods
10186,Theory
294030,ProbabilisticMethods
675847,NeuralNetworks
190697,GeneticAlgorithms
576795,GeneticAlgorithms
1125993,CaseBased
519318,ProbabilisticMethods
1120197,NeuralNetworks
1152896,CaseBased
1122304,NeuralNetworks
2702,NeuralNetworks
1129572,NeuralNetworks
1112194,NeuralNetworks
29738,ProbabilisticMethods
1128868,NeuralNetworks
633721,ProbabilisticMethods
630890,NeuralNetworks
1123068,ProbabilisticMethods
561568,ProbabilisticMethods
733534,NeuralNetworks
1102751,Theory
1114336,CaseBased
1123087,NeuralNetworks
6311,Theory
116512,NeuralNetworks
6318,CaseBased
7047,ReinforcementLearning
1123093,RuleLearning
1103499,ProbabilisticMethods
151430,RuleLearning
431206,ProbabilisticMethods
372862,RuleLearning
561593,ProbabilisticMethods
1106330,CaseBased
1105603,NeuralNetworks
1132505,NeuralNetworks
74821,ProbabilisticMethods
6344,CaseBased
116545,GeneticAlgorithms
733576,NeuralNetworks
1112911,GeneticAlgorithms
1105622,NeuralNetworks
1102794,RuleLearning
262108,NeuralNetworks
116552,GeneticAlgorithms
41417,CaseBased
1140543,NeuralNetworks
14529,CaseBased
1117219,NeuralNetworks
1107095,RuleLearning
1140548,NeuralNetworks
523010,NeuralNetworks
42156,NeuralNetworks
262121,GeneticAlgorithms
22564,CaseBased
14545,NeuralNetworks
22566,CaseBased
1106388,RuleLearning
429781,Theory
335042,NeuralNetworks
219218,ProbabilisticMethods
610529,NeuralNetworks
250566,CaseBased
1104946,Theory
195792,GeneticAlgorithms
1152179,NeuralNetworks
89308,CaseBased
350373,Theory
628667,ReinforcementLearning
628668,ReinforcementLearning
102061,GeneticAlgorithms
430574,NeuralNetworks
1107808,NeuralNetworks
1110028,Theory
45052,ProbabilisticMethods
89335,CaseBased
252715,RuleLearning
4983,GeneticAlgorithms
646837,GeneticAlgorithms
1139009,NeuralNetworks
252725,RuleLearning
593544,GeneticAlgorithms
299195,NeuralNetworks
593559,GeneticAlgorithms
1108570,Theory
272345,CaseBased
593560,GeneticAlgorithms
70520,ReinforcementLearning
131122,NeuralNetworks
8591,RuleLearning
217852,RuleLearning
264347,Theory
7867,CaseBased
27612,Theory
1152917,ProbabilisticMethods
28359,ReinforcementLearning
103528,CaseBased
46500,Theory
27631,CaseBased
289779,GeneticAlgorithms
103537,ProbabilisticMethods
633081,ProbabilisticMethods
255628,NeuralNetworks
397590,RuleLearning
1129610,GeneticAlgorithms
50980,CaseBased
28385,ReinforcementLearning
427606,GeneticAlgorithms
616336,RuleLearning
1120252,ProbabilisticMethods
1152958,NeuralNetworks
1152959,NeuralNetworks
1385,NeuralNetworks
254923,GeneticAlgorithms
34961,NeuralNetworks
46547,Theory
13136,NeuralNetworks
1131137,ProbabilisticMethods
233106,NeuralNetworks
561613,ProbabilisticMethods
1131149,NeuralNetworks
1104258,NeuralNetworks
1152991,ProbabilisticMethods
447250,NeuralNetworks
115188,NeuralNetworks
102879,Theory
1131150,NeuralNetworks
56708,ReinforcementLearning
1128943,GeneticAlgorithms
134060,Theory
102884,Theory
1131163,NeuralNetworks
4274,CaseBased
1131172,ProbabilisticMethods
767763,Theory
152226,Theory
152227,Theory
626530,ProbabilisticMethods
626531,ProbabilisticMethods
1131180,ProbabilisticMethods
1130454,ProbabilisticMethods
1131184,NeuralNetworks
1128974,GeneticAlgorithms
1128975,GeneticAlgorithms
1128977,GeneticAlgorithms
1128978,GeneticAlgorithms
117328,CaseBased
24043,NeuralNetworks
